experiment,d,kappa,lambda2,theta_deg,index_k,method,trial,seed,run_seed,init_seed,eta,eta_v,n_inner,n_grad_samples,n_hv_samples,l,tol,max_iter,rotation_scheme,hisd_eta_selected,hisd_pilot_n,hisd_pilot_success_count,hisd_eta_selection_rule,converged,iterations,g_norm,func_evals,true_grad_norm,hessian_index,index_ok,grad_ok,min_hessian_eval,max_hessian_eval
higher_index_rotated,10,100,0.02,30.0,1,DF-ADAM-H,0,142,142,10042,0.01,0.01,5,5,3,0.0001,0.001,3000,unstable_stable_pair_v1,0.1,5,3,max certified success_count; min median_success_iterations; min total_final_grad_norm; min eta,True,1427,0.0009980405448004603,99890,0.0009980405448004603,1,True,True,-2.0,0.023258067667484283
higher_index_rotated,10,100,0.02,30.0,1,DF-ADAM-H,1,1142,1142,10043,0.01,0.01,5,5,3,0.0001,0.001,3000,unstable_stable_pair_v1,0.1,5,3,max certified success_count; min median_success_iterations; min total_final_grad_norm; min eta,True,1057,0.000998123548924923,73990,0.000998123548924923,1,True,True,-2.0,0.02300228923559189
higher_index_rotated,10,100,0.02,30.0,1,DF-ADAM-H,2,2142,2142,10044,0.01,0.01,5,5,3,0.0001,0.001,3000,unstable_stable_pair_v1,0.1,5,3,max certified success_count; min median_success_iterations; min total_final_grad_norm; min eta,True,1141,0.0009884689934551716,79870,0.0009884689934551716,1,True,True,-2.0,0.023586392402648926
higher_index_rotated,10,100,0.02,30.0,1,DF-ADAM-H,3,3142,3142,10045,0.01,0.01,5,5,3,0.0001,0.001,3000,unstable_stable_pair_v1,0.1,5,3,max certified success_count; min median_success_iterations; min total_final_grad_norm; min eta,True,1247,0.0009988757083192468,87290,0.0009988757083192468,1,True,True,-2.0,0.022607482969760895
higher_index_rotated,10,100,0.02,30.0,1,DF-ADAM-H,4,4142,4142,10046,0.01,0.01,5,5,3,0.0001,0.001,3000,unstable_stable_pair_v1,0.1,5,3,max certified success_count; min median_success_iterations; min total_final_grad_norm; min eta,True,1037,0.0009995810687541962,72590,0.0009995810687541962,1,True,True,-2.0,0.022505920380353928
higher_index_rotated,10,100,0.02,30.0,1,DF-ADAM-H,5,5142,5142,10047,0.01,0.01,5,5,3,0.0001,0.001,3000,unstable_stable_pair_v1,0.1,5,3,max certified success_count; min median_success_iterations; min total_final_grad_norm; min eta,True,1384,0.0009848779300227761,96880,0.0009848779300227761,1,True,True,-2.0,0.024647770449519157
higher_index_rotated,10,100,0.02,30.0,1,DF-ADAM-H,6,6142,6142,10048,0.01,0.01,5,5,3,0.0001,0.001,3000,unstable_stable_pair_v1,0.1,5,3,max certified success_count; min median_success_iterations; min total_final_grad_norm; min eta,True,751,0.0009992793202400208,52570,0.0009992793202400208,1,True,True,-2.0,0.02341289445757866
higher_index_rotated,10,100,0.02,30.0,1,DF-ADAM-H,7,7142,7142,10049,0.01,0.01,5,5,3,0.0001,0.001,3000,unstable_stable_pair_v1,0.1,5,3,max certified success_count; min median_success_iterations; min total_final_grad_norm; min eta,True,735,0.000989406369626522,51450,0.000989406369626522,1,True,True,-1.9999998807907104,0.022984934970736504
higher_index_rotated,10,100,0.02,30.0,1,DF-ADAM-H,8,8142,8142,10050,0.01,0.01,5,5,3,0.0001,0.001,3000,unstable_stable_pair_v1,0.1,5,3,max certified success_count; min median_success_iterations; min total_final_grad_norm; min eta,True,1440,0.0009979807073250413,100800,0.0009979807073250413,1,True,True,-2.0,0.024306369945406914
higher_index_rotated,10,100,0.02,30.0,1,DF-ADAM-H,9,9142,9142,10051,0.01,0.01,5,5,3,0.0001,0.001,3000,unstable_stable_pair_v1,0.1,5,3,max certified success_count; min median_success_iterations; min total_final_grad_norm; min eta,True,1231,0.0009981204057112336,86170,0.0009981204057112336,1,True,True,-2.0,0.02494734153151512
higher_index_rotated,10,100,0.02,30.0,1,DF-ADAM-H,10,10142,10142,10052,0.01,0.01,5,5,3,0.0001,0.001,3000,unstable_stable_pair_v1,0.1,5,3,max certified success_count; min median_success_iterations; min total_final_grad_norm; min eta,True,1157,0.000999212497845292,80990,0.000999212497845292,1,True,True,-2.0,0.023211216554045677
higher_index_rotated,10,100,0.02,30.0,1,DF-ADAM-H,11,11142,11142,10053,0.01,0.01,5,5,3,0.0001,0.001,3000,unstable_stable_pair_v1,0.1,5,3,max certified success_count; min median_success_iterations; min total_final_grad_norm; min eta,True,918,0.0009989823447540402,64260,0.0009989823447540402,1,True,True,-2.0,0.024805370718240738
higher_index_rotated,10,100,0.02,30.0,1,DF-ADAM-H,12,12142,12142,10054,0.01,0.01,5,5,3,0.0001,0.001,3000,unstable_stable_pair_v1,0.1,5,3,max certified success_count; min median_success_iterations; min total_final_grad_norm; min eta,True,2287,0.0009999154135584831,160090,0.0009999154135584831,1,True,True,-2.0,0.023124847561120987
higher_index_rotated,10,100,0.02,30.0,1,DF-ADAM-H,13,13142,13142,10055,0.01,0.01,5,5,3,0.0001,0.001,3000,unstable_stable_pair_v1,0.1,5,3,max certified success_count; min median_success_iterations; min total_final_grad_norm; min eta,True,1591,0.0009969825623556972,111370,0.0009969825623556972,1,True,True,-1.999999761581421,0.02445509284734726
higher_index_rotated,10,100,0.02,30.0,1,DF-ADAM-H,14,14142,14142,10056,0.01,0.01,5,5,3,0.0001,0.001,3000,unstable_stable_pair_v1,0.1,5,3,max certified success_count; min median_success_iterations; min total_final_grad_norm; min eta,True,2370,0.0009992921259254217,165900,0.0009992921259254217,1,True,True,-2.0,0.025414641946554184
higher_index_rotated,10,100,0.02,30.0,1,DF-ADAM-H,15,15142,15142,10057,0.01,0.01,5,5,3,0.0001,0.001,3000,unstable_stable_pair_v1,0.1,5,3,max certified success_count; min median_success_iterations; min total_final_grad_norm; min eta,True,1754,0.0009986864170059562,122780,0.0009986864170059562,1,True,True,-2.0,0.022838642820715904
higher_index_rotated,10,100,0.02,30.0,1,DF-ADAM-H,16,16142,16142,10058,0.01,0.01,5,5,3,0.0001,0.001,3000,unstable_stable_pair_v1,0.1,5,3,max certified success_count; min median_success_iterations; min total_final_grad_norm; min eta,False,1834,0.0009917301358655095,128380,0.0009917301358655095,0,False,True,0.0200932826846838,3.999715566635132
higher_index_rotated,10,100,0.02,30.0,1,DF-ADAM-H,17,17142,17142,10059,0.01,0.01,5,5,3,0.0001,0.001,3000,unstable_stable_pair_v1,0.1,5,3,max certified success_count; min median_success_iterations; min total_final_grad_norm; min eta,True,876,0.0009934360859915614,61320,0.0009934360859915614,1,True,True,-2.0,0.024048298597335815
higher_index_rotated,10,100,0.02,30.0,1,DF-ADAM-H,18,18142,18142,10060,0.01,0.01,5,5,3,0.0001,0.001,3000,unstable_stable_pair_v1,0.1,5,3,max certified success_count; min median_success_iterations; min total_final_grad_norm; min eta,False,1791,0.0009917101124301553,125370,0.0009917101124301553,0,False,True,0.020101189613342285,3.999798536300659
higher_index_rotated,10,100,0.02,30.0,1,DF-ADAM-H,19,19142,19142,10061,0.01,0.01,5,5,3,0.0001,0.001,3000,unstable_stable_pair_v1,0.1,5,3,max certified success_count; min median_success_iterations; min total_final_grad_norm; min eta,True,2633,0.000998780713416636,184310,0.000998780713416636,1,True,True,-2.0,0.025574341416358948
higher_index_rotated,10,100,0.02,30.0,1,DF-ADAM-FC,0,142,142,10042,0.01,0.01,5,5,3,0.0001,0.001,3000,unstable_stable_pair_v1,0.1,5,3,max certified success_count; min median_success_iterations; min total_final_grad_norm; min eta,True,1358,0.0009953801054507494,95060,0.0009953801054507494,1,True,True,-2.0,0.022849051281809807
higher_index_rotated,10,100,0.02,30.0,1,DF-ADAM-FC,1,1142,1142,10043,0.01,0.01,5,5,3,0.0001,0.001,3000,unstable_stable_pair_v1,0.1,5,3,max certified success_count; min median_success_iterations; min total_final_grad_norm; min eta,True,1080,0.000999273150227964,75600,0.000999273150227964,1,True,True,-2.0,0.022119827568531036
higher_index_rotated,10,100,0.02,30.0,1,DF-ADAM-FC,2,2142,2142,10044,0.01,0.01,5,5,3,0.0001,0.001,3000,unstable_stable_pair_v1,0.1,5,3,max certified success_count; min median_success_iterations; min total_final_grad_norm; min eta,True,1212,0.0009964004857465625,84840,0.0009964004857465625,1,True,True,-1.9999998807907104,0.022210974246263504
higher_index_rotated,10,100,0.02,30.0,1,DF-ADAM-FC,3,3142,3142,10045,0.01,0.01,5,5,3,0.0001,0.001,3000,unstable_stable_pair_v1,0.1,5,3,max certified success_count; min median_success_iterations; min total_final_grad_norm; min eta,True,1241,0.0009962692856788635,86870,0.0009962692856788635,1,True,True,-2.0,0.02175241895020008
higher_index_rotated,10,100,0.02,30.0,1,DF-ADAM-FC,4,4142,4142,10046,0.01,0.01,5,5,3,0.0001,0.001,3000,unstable_stable_pair_v1,0.1,5,3,max certified success_count; min median_success_iterations; min total_final_grad_norm; min eta,True,1086,0.0009950815001502633,76020,0.0009950815001502633,1,True,True,-2.0,0.021862797439098358
higher_index_rotated,10,100,0.02,30.0,1,DF-ADAM-FC,5,5142,5142,10047,0.01,0.01,5,5,3,0.0001,0.001,3000,unstable_stable_pair_v1,0.1,5,3,max certified success_count; min median_success_iterations; min total_final_grad_norm; min eta,True,1383,0.0009992590639740229,96810,0.0009992590639740229,1,True,True,-2.0,0.0246577225625515
higher_index_rotated,10,100,0.02,30.0,1,DF-ADAM-FC,6,6142,6142,10048,0.01,0.01,5,5,3,0.0001,0.001,3000,unstable_stable_pair_v1,0.1,5,3,max certified success_count; min median_success_iterations; min total_final_grad_norm; min eta,True,758,0.0009977617301046848,53060,0.0009977617301046848,1,True,True,-2.0,0.021535556763410568
higher_index_rotated,10,100,0.02,30.0,1,DF-ADAM-FC,7,7142,7142,10049,0.01,0.01,5,5,3,0.0001,0.001,3000,unstable_stable_pair_v1,0.1,5,3,max certified success_count; min median_success_iterations; min total_final_grad_norm; min eta,True,703,0.0009959926828742027,49210,0.0009959926828742027,1,True,True,-2.0,0.022926434874534607
higher_index_rotated,10,100,0.02,30.0,1,DF-ADAM-FC,8,8142,8142,10050,0.01,0.01,5,5,3,0.0001,0.001,3000,unstable_stable_pair_v1,0.1,5,3,max certified success_count; min median_success_iterations; min total_final_grad_norm; min eta,True,1480,0.0009996010921895504,103600,0.0009996010921895504,1,True,True,-2.0,0.02433672547340393
higher_index_rotated,10,100,0.02,30.0,1,DF-ADAM-FC,9,9142,9142,10051,0.01,0.01,5,5,3,0.0001,0.001,3000,unstable_stable_pair_v1,0.1,5,3,max certified success_count; min median_success_iterations; min total_final_grad_norm; min eta,True,1277,0.0009992404375225306,89390,0.0009992404375225306,1,True,True,-2.0,0.025251168757677078
higher_index_rotated,10,100,0.02,30.0,1,DF-ADAM-FC,10,10142,10142,10052,0.01,0.01,5,5,3,0.0001,0.001,3000,unstable_stable_pair_v1,0.1,5,3,max certified success_count; min median_success_iterations; min total_final_grad_norm; min eta,True,1139,0.0009941256139427423,79730,0.0009941256139427423,1,True,True,-2.0,0.023833081126213074
higher_index_rotated,10,100,0.02,30.0,1,DF-ADAM-FC,11,11142,11142,10053,0.01,0.01,5,5,3,0.0001,0.001,3000,unstable_stable_pair_v1,0.1,5,3,max certified success_count; min median_success_iterations; min total_final_grad_norm; min eta,True,897,0.0009954363340511918,62790,0.0009954363340511918,1,True,True,-2.0,0.024549605324864388
higher_index_rotated,10,100,0.02,30.0,1,DF-ADAM-FC,12,12142,12142,10054,0.01,0.01,5,5,3,0.0001,0.001,3000,unstable_stable_pair_v1,0.1,5,3,max certified success_count; min median_success_iterations; min total_final_grad_norm; min eta,True,1913,0.0009995601139962673,133910,0.0009995601139962673,1,True,True,-2.0,0.022998446598649025
higher_index_rotated,10,100,0.02,30.0,1,DF-ADAM-FC,13,13142,13142,10055,0.01,0.01,5,5,3,0.0001,0.001,3000,unstable_stable_pair_v1,0.1,5,3,max certified success_count; min median_success_iterations; min total_final_grad_norm; min eta,True,1592,0.0009992936393246055,111440,0.0009992936393246055,1,True,True,-2.0,0.024217374622821808
higher_index_rotated,10,100,0.02,30.0,1,DF-ADAM-FC,14,14142,14142,10056,0.01,0.01,5,5,3,0.0001,0.001,3000,unstable_stable_pair_v1,0.1,5,3,max certified success_count; min median_success_iterations; min total_final_grad_norm; min eta,True,2279,0.0009958900045603514,159530,0.0009958900045603514,1,True,True,-2.0,0.025295205414295197
higher_index_rotated,10,100,0.02,30.0,1,DF-ADAM-FC,15,15142,15142,10057,0.01,0.01,5,5,3,0.0001,0.001,3000,unstable_stable_pair_v1,0.1,5,3,max certified success_count; min median_success_iterations; min total_final_grad_norm; min eta,True,1906,0.000998293049633503,133420,0.000998293049633503,1,True,True,-2.0,0.022739388048648834
higher_index_rotated,10,100,0.02,30.0,1,DF-ADAM-FC,16,16142,16142,10058,0.01,0.01,5,5,3,0.0001,0.001,3000,unstable_stable_pair_v1,0.1,5,3,max certified success_count; min median_success_iterations; min total_final_grad_norm; min eta,False,1692,0.0009996872395277023,118440,0.0009996872395277023,0,False,True,0.02008405700325966,4.000249862670898
higher_index_rotated,10,100,0.02,30.0,1,DF-ADAM-FC,17,17142,17142,10059,0.01,0.01,5,5,3,0.0001,0.001,3000,unstable_stable_pair_v1,0.1,5,3,max certified success_count; min median_success_iterations; min total_final_grad_norm; min eta,True,812,0.0009979020105674863,56840,0.0009979020105674863,1,True,True,-2.0,0.0225787702947855
higher_index_rotated,10,100,0.02,30.0,1,DF-ADAM-FC,18,18142,18142,10060,0.01,0.01,5,5,3,0.0001,0.001,3000,unstable_stable_pair_v1,0.1,5,3,max certified success_count; min median_success_iterations; min total_final_grad_norm; min eta,False,1763,0.0009898367570713162,123410,0.0009898367570713162,0,False,True,0.02026022970676422,4.000115394592285
higher_index_rotated,10,100,0.02,30.0,1,DF-ADAM-FC,19,19142,19142,10061,0.01,0.01,5,5,3,0.0001,0.001,3000,unstable_stable_pair_v1,0.1,5,3,max certified success_count; min median_success_iterations; min total_final_grad_norm; min eta,True,2636,0.0009990971302613616,184520,0.0009990971302613616,1,True,True,-2.0,0.025636164471507072
higher_index_rotated,10,100,0.02,30.0,1,DF-HiSD,0,142,142,10042,0.1,0.01,5,5,3,0.0001,0.001,3000,unstable_stable_pair_v1,0.1,5,3,max certified success_count; min median_success_iterations; min total_final_grad_norm; min eta,True,969,0.0009961228352040052,67830,0.0009961228352040052,1,True,True,-2.0,0.02106310799717903
higher_index_rotated,10,100,0.02,30.0,1,DF-HiSD,1,1142,1142,10043,0.1,0.01,5,5,3,0.0001,0.001,3000,unstable_stable_pair_v1,0.1,5,3,max certified success_count; min median_success_iterations; min total_final_grad_norm; min eta,True,1042,0.0009943715995177627,72940,0.0009943715995177627,1,True,True,-2.0,0.02129564993083477
higher_index_rotated,10,100,0.02,30.0,1,DF-HiSD,2,2142,2142,10044,0.1,0.01,5,5,3,0.0001,0.001,3000,unstable_stable_pair_v1,0.1,5,3,max certified success_count; min median_success_iterations; min total_final_grad_norm; min eta,True,1049,0.0009972647530958056,73430,0.0009972647530958056,1,True,True,-2.0,0.02121984213590622
higher_index_rotated,10,100,0.02,30.0,1,DF-HiSD,3,3142,3142,10045,0.1,0.01,5,5,3,0.0001,0.001,3000,unstable_stable_pair_v1,0.1,5,3,max certified success_count; min median_success_iterations; min total_final_grad_norm; min eta,False,1377,0.0009943826589733362,96390,0.0009943826589733362,0,False,True,0.020229198038578033,4.000246524810791
higher_index_rotated,10,100,0.02,30.0,1,DF-HiSD,4,4142,4142,10046,0.1,0.01,5,5,3,0.0001,0.001,3000,unstable_stable_pair_v1,0.1,5,3,max certified success_count; min median_success_iterations; min total_final_grad_norm; min eta,False,1318,0.0009872250957414508,92260,0.0009872250957414508,0,False,True,0.020003970712423325,4.000157356262207
higher_index_rotated,10,100,0.02,30.0,1,DF-HiSD,5,5142,5142,10047,0.1,0.01,5,5,3,0.0001,0.001,3000,unstable_stable_pair_v1,0.1,5,3,max certified success_count; min median_success_iterations; min total_final_grad_norm; min eta,False,1378,0.0009991335682570934,96460,0.0009991335682570934,0,False,True,0.020045630633831024,4.000103950500488
higher_index_rotated,10,100,0.02,30.0,1,DF-HiSD,6,6142,6142,10048,0.1,0.01,5,5,3,0.0001,0.001,3000,unstable_stable_pair_v1,0.1,5,3,max certified success_count; min median_success_iterations; min total_final_grad_norm; min eta,True,983,0.0009915261762216687,68810,0.0009915261762216687,1,True,True,-2.0,0.021155769005417824
higher_index_rotated,10,100,0.02,30.0,1,DF-HiSD,7,7142,7142,10049,0.1,0.01,5,5,3,0.0001,0.001,3000,unstable_stable_pair_v1,0.1,5,3,max certified success_count; min median_success_iterations; min total_final_grad_norm; min eta,True,985,0.0009957138681784272,68950,0.0009957138681784272,1,True,True,-2.0,0.021046921610832214
higher_index_rotated,10,100,0.02,30.0,1,DF-HiSD,8,8142,8142,10050,0.1,0.01,5,5,3,0.0001,0.001,3000,unstable_stable_pair_v1,0.1,5,3,max certified success_count; min median_success_iterations; min total_final_grad_norm; min eta,True,986,0.0009991130791604519,69020,0.0009991130791604519,1,True,True,-2.0,0.02129806950688362
higher_index_rotated,10,100,0.02,30.0,1,DF-HiSD,9,9142,9142,10051,0.1,0.01,5,5,3,0.0001,0.001,3000,unstable_stable_pair_v1,0.1,5,3,max certified success_count; min median_success_iterations; min total_final_grad_norm; min eta,True,941,0.000994222005829215,65870,0.000994222005829215,1,True,True,-2.0,0.021330945193767548
higher_index_rotated,10,100,0.02,30.0,1,DF-HiSD,10,10142,10142,10052,0.1,0.01,5,5,3,0.0001,0.001,3000,unstable_stable_pair_v1,0.1,5,3,max certified success_count; min median_success_iterations; min total_final_grad_norm; min eta,True,956,0.0009979341411963105,66920,0.0009979341411963105,1,True,True,-2.0,0.021274855360388756
higher_index_rotated,10,100,0.02,30.0,1,DF-HiSD,11,11142,11142,10053,0.1,0.01,5,5,3,0.0001,0.001,3000,unstable_stable_pair_v1,0.1,5,3,max certified success_count; min median_success_iterations; min total_final_grad_norm; min eta,True,1070,0.0009985101642087102,74900,0.0009985101642087102,1,True,True,-2.0,0.021038193255662918
higher_index_rotated,10,100,0.02,30.0,1,DF-HiSD,12,12142,12142,10054,0.1,0.01,5,5,3,0.0001,0.001,3000,unstable_stable_pair_v1,0.1,5,3,max certified success_count; min median_success_iterations; min total_final_grad_norm; min eta,True,1070,0.000993463210761547,74900,0.000993463210761547,1,True,True,-2.0,0.021001441404223442
higher_index_rotated,10,100,0.02,30.0,1,DF-HiSD,13,13142,13142,10055,0.1,0.01,5,5,3,0.0001,0.001,3000,unstable_stable_pair_v1,0.1,5,3,max certified success_count; min median_success_iterations; min total_final_grad_norm; min eta,True,1000,0.0009892627131193876,70000,0.0009892627131193876,1,True,True,-2.0,0.02105160616338253
higher_index_rotated,10,100,0.02,30.0,1,DF-HiSD,14,14142,14142,10056,0.1,0.01,5,5,3,0.0001,0.001,3000,unstable_stable_pair_v1,0.1,5,3,max certified success_count; min median_success_iterations; min total_final_grad_norm; min eta,True,974,0.0009990341495722532,68180,0.0009990341495722532,1,True,True,-2.0,0.021328896284103394
higher_index_rotated,10,100,0.02,30.0,1,DF-HiSD,15,15142,15142,10057,0.1,0.01,5,5,3,0.0001,0.001,3000,unstable_stable_pair_v1,0.1,5,3,max certified success_count; min median_success_iterations; min total_final_grad_norm; min eta,True,1029,0.0009937947615981102,72030,0.0009937947615981102,1,True,True,-2.0,0.021192723885178566
higher_index_rotated,10,100,0.02,30.0,1,DF-HiSD,16,16142,16142,10058,0.1,0.01,5,5,3,0.0001,0.001,3000,unstable_stable_pair_v1,0.1,5,3,max certified success_count; min median_success_iterations; min total_final_grad_norm; min eta,False,1428,0.0009909846121445298,99960,0.0009909846121445298,0,False,True,0.020069843158125877,4.0002121925354
higher_index_rotated,10,100,0.02,30.0,1,DF-HiSD,17,17142,17142,10059,0.1,0.01,5,5,3,0.0001,0.001,3000,unstable_stable_pair_v1,0.1,5,3,max certified success_count; min median_success_iterations; min total_final_grad_norm; min eta,True,918,0.000991691485978663,64260,0.000991691485978663,1,True,True,-2.0,0.021332861855626106
higher_index_rotated,10,100,0.02,30.0,1,DF-HiSD,18,18142,18142,10060,0.1,0.01,5,5,3,0.0001,0.001,3000,unstable_stable_pair_v1,0.1,5,3,max certified success_count; min median_success_iterations; min total_final_grad_norm; min eta,False,1376,0.0009916529525071383,96320,0.0009916529525071383,0,False,True,0.020083405077457428,4.000256061553955
higher_index_rotated,10,100,0.02,30.0,1,DF-HiSD,19,19142,19142,10061,0.1,0.01,5,5,3,0.0001,0.001,3000,unstable_stable_pair_v1,0.1,5,3,max certified success_count; min median_success_iterations; min total_final_grad_norm; min eta,False,1283,0.000976339157205075,89810,0.000976339157205075,0,False,True,0.020164411514997482,4.0001444816589355
higher_index_rotated,10,100,0.02,30.0,2,DF-ADAM-H,0,242,242,20042,0.01,0.01,5,5,3,0.0001,0.001,3000,unstable_stable_pair_v1,0.1,5,2,max certified success_count; min median_success_iterations; min total_final_grad_norm; min eta,True,1335,0.0009999051690101624,173550,0.0009999051690101624,2,True,True,-2.000000238418579,0.02216983772814274
higher_index_rotated,10,100,0.02,30.0,2,DF-ADAM-H,1,1242,1242,20043,0.01,0.01,5,5,3,0.0001,0.001,3000,unstable_stable_pair_v1,0.1,5,2,max certified success_count; min median_success_iterations; min total_final_grad_norm; min eta,True,1927,0.0009894340764731169,250510,0.0009894340764731169,2,True,True,-2.0,0.024937907233834267
higher_index_rotated,10,100,0.02,30.0,2,DF-ADAM-H,2,2242,2242,20044,0.01,0.01,5,5,3,0.0001,0.001,3000,unstable_stable_pair_v1,0.1,5,2,max certified success_count; min median_success_iterations; min total_final_grad_norm; min eta,True,1361,0.000999522628262639,176930,0.000999522628262639,2,True,True,-2.0,0.02391412854194641
higher_index_rotated,10,100,0.02,30.0,2,DF-ADAM-H,3,3242,3242,20045,0.01,0.01,5,5,3,0.0001,0.001,3000,unstable_stable_pair_v1,0.1,5,2,max certified success_count; min median_success_iterations; min total_final_grad_norm; min eta,True,927,0.0009967931546270847,120510,0.0009967931546270847,2,True,True,-1.9999998807907104,0.022013969719409943
higher_index_rotated,10,100,0.02,30.0,2,DF-ADAM-H,4,4242,4242,20046,0.01,0.01,5,5,3,0.0001,0.001,3000,unstable_stable_pair_v1,0.1,5,2,max certified success_count; min median_success_iterations; min total_final_grad_norm; min eta,True,1610,0.000999519252218306,209300,0.000999519252218306,2,True,True,-1.9999998807907104,0.022937696427106857
higher_index_rotated,10,100,0.02,30.0,2,DF-ADAM-H,5,5242,5242,20047,0.01,0.01,5,5,3,0.0001,0.001,3000,unstable_stable_pair_v1,0.1,5,2,max certified success_count; min median_success_iterations; min total_final_grad_norm; min eta,True,2449,0.0009975737193599343,318370,0.0009975737193599343,2,True,True,-1.9999998807907104,0.025237753987312317
higher_index_rotated,10,100,0.02,30.0,2,DF-ADAM-H,6,6242,6242,20048,0.01,0.01,5,5,3,0.0001,0.001,3000,unstable_stable_pair_v1,0.1,5,2,max certified success_count; min median_success_iterations; min total_final_grad_norm; min eta,True,671,0.000991477514617145,87230,0.000991477514617145,2,True,True,-2.0,0.02252676710486412
higher_index_rotated,10,100,0.02,30.0,2,DF-ADAM-H,7,7242,7242,20049,0.01,0.01,5,5,3,0.0001,0.001,3000,unstable_stable_pair_v1,0.1,5,2,max certified success_count; min median_success_iterations; min total_final_grad_norm; min eta,False,2980,0.0009908013744279742,387400,0.0009908013744279742,0,False,True,0.020021725445985794,4.0000152587890625
higher_index_rotated,10,100,0.02,30.0,2,DF-ADAM-H,8,8242,8242,20050,0.01,0.01,5,5,3,0.0001,0.001,3000,unstable_stable_pair_v1,0.1,5,2,max certified success_count; min median_success_iterations; min total_final_grad_norm; min eta,True,770,0.0009949880186468363,100100,0.0009949880186468363,2,True,True,-2.0,0.023152004927396774
higher_index_rotated,10,100,0.02,30.0,2,DF-ADAM-H,9,9242,9242,20051,0.01,0.01,5,5,3,0.0001,0.001,3000,unstable_stable_pair_v1,0.1,5,2,max certified success_count; min median_success_iterations; min total_final_grad_norm; min eta,True,1279,0.000994799891486764,166270,0.000994799891486764,2,True,True,-2.0,0.023176055401563644
higher_index_rotated,10,100,0.02,30.0,2,DF-ADAM-H,10,10242,10242,20052,0.01,0.01,5,5,3,0.0001,0.001,3000,unstable_stable_pair_v1,0.1,5,2,max certified success_count; min median_success_iterations; min total_final_grad_norm; min eta,False,3000,0.059706076979637146,390000,0.059706076979637146,2,True,False,-1.999999761581421,0.4161704480648041
higher_index_rotated,10,100,0.02,30.0,2,DF-ADAM-H,11,11242,11242,20053,0.01,0.01,5,5,3,0.0001,0.001,3000,unstable_stable_pair_v1,0.1,5,2,max certified success_count; min median_success_iterations; min total_final_grad_norm; min eta,False,2909,0.000983125646598637,378170,0.000983125646598637,0,False,True,0.02002655528485775,3.9997920989990234
higher_index_rotated,10,100,0.02,30.0,2,DF-ADAM-H,12,12242,12242,20054,0.01,0.01,5,5,3,0.0001,0.001,3000,unstable_stable_pair_v1,0.1,5,2,max certified success_count; min median_success_iterations; min total_final_grad_norm; min eta,False,2983,0.0009968510130420327,387790,0.0009968510130420327,0,False,True,0.020000034943223,4.000134468078613
higher_index_rotated,10,100,0.02,30.0,2,DF-ADAM-H,13,13242,13242,20055,0.01,0.01,5,5,3,0.0001,0.001,3000,unstable_stable_pair_v1,0.1,5,2,max certified success_count; min median_success_iterations; min total_final_grad_norm; min eta,True,756,0.0009790242183953524,98280,0.0009790242183953524,2,True,True,-2.0,0.022054865956306458
higher_index_rotated,10,100,0.02,30.0,2,DF-ADAM-H,14,14242,14242,20056,0.01,0.01,5,5,3,0.0001,0.001,3000,unstable_stable_pair_v1,0.1,5,2,max certified success_count; min median_success_iterations; min total_final_grad_norm; min eta,True,1144,0.0009953350527212024,148720,0.0009953350527212024,2,True,True,-2.0,0.02267817035317421
higher_index_rotated,10,100,0.02,30.0,2,DF-ADAM-H,15,15242,15242,20057,0.01,0.01,5,5,3,0.0001,0.001,3000,unstable_stable_pair_v1,0.1,5,2,max certified success_count; min median_success_iterations; min total_final_grad_norm; min eta,False,2071,0.0009959462331607938,269230,0.0009959462331607938,1,False,True,-2.0,4.000146865844727
higher_index_rotated,10,100,0.02,30.0,2,DF-ADAM-H,16,16242,16242,20058,0.01,0.01,5,5,3,0.0001,0.001,3000,unstable_stable_pair_v1,0.1,5,2,max certified success_count; min median_success_iterations; min total_final_grad_norm; min eta,True,2178,0.0009998251916840672,283140,0.0009998251916840672,2,True,True,-2.0,0.02573433890938759
higher_index_rotated,10,100,0.02,30.0,2,DF-ADAM-H,17,17242,17242,20059,0.01,0.01,5,5,3,0.0001,0.001,3000,unstable_stable_pair_v1,0.1,5,2,max certified success_count; min median_success_iterations; min total_final_grad_norm; min eta,True,1912,0.000999009469524026,248560,0.000999009469524026,2,True,True,-2.0,0.023412007838487625
higher_index_rotated,10,100,0.02,30.0,2,DF-ADAM-H,18,18242,18242,20060,0.01,0.01,5,5,3,0.0001,0.001,3000,unstable_stable_pair_v1,0.1,5,2,max certified success_count; min median_success_iterations; min total_final_grad_norm; min eta,True,1163,0.0009944328339770436,151190,0.0009944328339770436,2,True,True,-2.0,0.02330002747476101
higher_index_rotated,10,100,0.02,30.0,2,DF-ADAM-H,19,19242,19242,20061,0.01,0.01,5,5,3,0.0001,0.001,3000,unstable_stable_pair_v1,0.1,5,2,max certified success_count; min median_success_iterations; min total_final_grad_norm; min eta,False,3000,26.83655548095703,390000,26.83655548095703,1,False,False,-0.4944649338722229,25.538169860839844
higher_index_rotated,10,100,0.02,30.0,2,DF-ADAM-FC,0,242,242,20042,0.01,0.01,5,5,3,0.0001,0.001,3000,unstable_stable_pair_v1,0.1,5,2,max certified success_count; min median_success_iterations; min total_final_grad_norm; min eta,False,1982,0.000995481968857348,257660,0.000995481968857348,1,False,True,-1.9999996423721313,3.9995241165161133
higher_index_rotated,10,100,0.02,30.0,2,DF-ADAM-FC,1,1242,1242,20043,0.01,0.01,5,5,3,0.0001,0.001,3000,unstable_stable_pair_v1,0.1,5,2,max certified success_count; min median_success_iterations; min total_final_grad_norm; min eta,True,1904,0.0009960078168660402,247520,0.0009960078168660402,2,True,True,-2.0,0.025234393775463104
higher_index_rotated,10,100,0.02,30.0,2,DF-ADAM-FC,2,2242,2242,20044,0.01,0.01,5,5,3,0.0001,0.001,3000,unstable_stable_pair_v1,0.1,5,2,max certified success_count; min median_success_iterations; min total_final_grad_norm; min eta,True,1298,0.0009951820829883218,168740,0.0009951820829883218,2,True,True,-2.0,0.02265096828341484
higher_index_rotated,10,100,0.02,30.0,2,DF-ADAM-FC,3,3242,3242,20045,0.01,0.01,5,5,3,0.0001,0.001,3000,unstable_stable_pair_v1,0.1,5,2,max certified success_count; min median_success_iterations; min total_final_grad_norm; min eta,True,955,0.0009946603095158935,124150,0.0009946603095158935,2,True,True,-2.000000238418579,0.022094696760177612
higher_index_rotated,10,100,0.02,30.0,2,DF-ADAM-FC,4,4242,4242,20046,0.01,0.01,5,5,3,0.0001,0.001,3000,unstable_stable_pair_v1,0.1,5,2,max certified success_count; min median_success_iterations; min total_final_grad_norm; min eta,False,1798,0.0009841244900599122,233740,0.0009841244900599122,1,False,True,-2.0,4.000341415405273
higher_index_rotated,10,100,0.02,30.0,2,DF-ADAM-FC,5,5242,5242,20047,0.01,0.01,5,5,3,0.0001,0.001,3000,unstable_stable_pair_v1,0.1,5,2,max certified success_count; min median_success_iterations; min total_final_grad_norm; min eta,True,2437,0.0009961876785382628,316810,0.0009961876785382628,2,True,True,-2.0,0.02496076561510563
higher_index_rotated,10,100,0.02,30.0,2,DF-ADAM-FC,6,6242,6242,20048,0.01,0.01,5,5,3,0.0001,0.001,3000,unstable_stable_pair_v1,0.1,5,2,max certified success_count; min median_success_iterations; min total_final_grad_norm; min eta,True,552,0.0009816423989832401,71760,0.0009816423989832401,2,True,True,-1.9999998807907104,0.021231047809123993
higher_index_rotated,10,100,0.02,30.0,2,DF-ADAM-FC,7,7242,7242,20049,0.01,0.01,5,5,3,0.0001,0.001,3000,unstable_stable_pair_v1,0.1,5,2,max certified success_count; min median_success_iterations; min total_final_grad_norm; min eta,False,2430,0.0009757786174304783,315900,0.0009757786174304783,0,False,True,0.020130595192313194,3.9998679161071777
higher_index_rotated,10,100,0.02,30.0,2,DF-ADAM-FC,8,8242,8242,20050,0.01,0.01,5,5,3,0.0001,0.001,3000,unstable_stable_pair_v1,0.1,5,2,max certified success_count; min median_success_iterations; min total_final_grad_norm; min eta,True,769,0.000990607775747776,99970,0.000990607775747776,2,True,True,-2.0,0.022616427391767502
higher_index_rotated,10,100,0.02,30.0,2,DF-ADAM-FC,9,9242,9242,20051,0.01,0.01,5,5,3,0.0001,0.001,3000,unstable_stable_pair_v1,0.1,5,2,max certified success_count; min median_success_iterations; min total_final_grad_norm; min eta,True,1110,0.0009995581349357963,144300,0.0009995581349357963,2,True,True,-2.0,0.023424576967954636
higher_index_rotated,10,100,0.02,30.0,2,DF-ADAM-FC,10,10242,10242,20052,0.01,0.01,5,5,3,0.0001,0.001,3000,unstable_stable_pair_v1,0.1,5,2,max certified success_count; min median_success_iterations; min total_final_grad_norm; min eta,True,1239,0.0009990704711526632,161070,0.0009990704711526632,2,True,True,-2.0,0.022096555680036545
higher_index_rotated,10,100,0.02,30.0,2,DF-ADAM-FC,11,11242,11242,20053,0.01,0.01,5,5,3,0.0001,0.001,3000,unstable_stable_pair_v1,0.1,5,2,max certified success_count; min median_success_iterations; min total_final_grad_norm; min eta,False,3000,0.0012319546658545732,390000,0.0012319546658545732,0,False,False,0.02027740888297558,4.001143455505371
higher_index_rotated,10,100,0.02,30.0,2,DF-ADAM-FC,12,12242,12242,20054,0.01,0.01,5,5,3,0.0001,0.001,3000,unstable_stable_pair_v1,0.1,5,2,max certified success_count; min median_success_iterations; min total_final_grad_norm; min eta,False,1656,0.0009918520227074623,215280,0.0009918520227074623,1,False,True,-1.999999761581421,3.999677896499634
higher_index_rotated,10,100,0.02,30.0,2,DF-ADAM-FC,13,13242,13242,20055,0.01,0.01,5,5,3,0.0001,0.001,3000,unstable_stable_pair_v1,0.1,5,2,max certified success_count; min median_success_iterations; min total_final_grad_norm; min eta,True,810,0.0009756824583746493,105300,0.0009756824583746493,2,True,True,-2.0,0.021426524966955185
higher_index_rotated,10,100,0.02,30.0,2,DF-ADAM-FC,14,14242,14242,20056,0.01,0.01,5,5,3,0.0001,0.001,3000,unstable_stable_pair_v1,0.1,5,2,max certified success_count; min median_success_iterations; min total_final_grad_norm; min eta,True,1055,0.0009962086332961917,137150,0.0009962086332961917,2,True,True,-2.0,0.02352428436279297
higher_index_rotated,10,100,0.02,30.0,2,DF-ADAM-FC,15,15242,15242,20057,0.01,0.01,5,5,3,0.0001,0.001,3000,unstable_stable_pair_v1,0.1,5,2,max certified success_count; min median_success_iterations; min total_final_grad_norm; min eta,False,2209,0.0009999218164011836,287170,0.0009999218164011836,1,False,True,-2.0,4.000140190124512
higher_index_rotated,10,100,0.02,30.0,2,DF-ADAM-FC,16,16242,16242,20058,0.01,0.01,5,5,3,0.0001,0.001,3000,unstable_stable_pair_v1,0.1,5,2,max certified success_count; min median_success_iterations; min total_final_grad_norm; min eta,True,2176,0.00099961890373379,282880,0.00099961890373379,2,True,True,-2.0,0.025701284408569336
higher_index_rotated,10,100,0.02,30.0,2,DF-ADAM-FC,17,17242,17242,20059,0.01,0.01,5,5,3,0.0001,0.001,3000,unstable_stable_pair_v1,0.1,5,2,max certified success_count; min median_success_iterations; min total_final_grad_norm; min eta,True,2003,0.0009969125967472792,260390,0.0009969125967472792,2,True,True,-2.000000238418579,0.023456960916519165
higher_index_rotated,10,100,0.02,30.0,2,DF-ADAM-FC,18,18242,18242,20060,0.01,0.01,5,5,3,0.0001,0.001,3000,unstable_stable_pair_v1,0.1,5,2,max certified success_count; min median_success_iterations; min total_final_grad_norm; min eta,True,1278,0.000994205242022872,166140,0.000994205242022872,2,True,True,-2.0,0.022265508770942688
higher_index_rotated,10,100,0.02,30.0,2,DF-ADAM-FC,19,19242,19242,20061,0.01,0.01,5,5,3,0.0001,0.001,3000,unstable_stable_pair_v1,0.1,5,2,max certified success_count; min median_success_iterations; min total_final_grad_norm; min eta,True,971,0.0009970307582989335,126230,0.0009970307582989335,2,True,True,-2.0,0.023152261972427368
higher_index_rotated,10,100,0.02,30.0,2,DF-HiSD,0,242,242,20042,0.1,0.01,5,5,3,0.0001,0.001,3000,unstable_stable_pair_v1,0.1,5,2,max certified success_count; min median_success_iterations; min total_final_grad_norm; min eta,False,1284,0.0009379410766996443,166920,0.0009379410766996443,1,False,True,-2.0,3.9995110034942627
higher_index_rotated,10,100,0.02,30.0,2,DF-HiSD,1,1242,1242,20043,0.1,0.01,5,5,3,0.0001,0.001,3000,unstable_stable_pair_v1,0.1,5,2,max certified success_count; min median_success_iterations; min total_final_grad_norm; min eta,True,992,0.0009957639267668128,128960,0.0009957639267668128,2,True,True,-2.0,0.021240388974547386
higher_index_rotated,10,100,0.02,30.0,2,DF-HiSD,2,2242,2242,20044,0.1,0.01,5,5,3,0.0001,0.001,3000,unstable_stable_pair_v1,0.1,5,2,max certified success_count; min median_success_iterations; min total_final_grad_norm; min eta,True,1056,0.000990909873507917,137280,0.000990909873507917,2,True,True,-2.0,0.021045008674263954
higher_index_rotated,10,100,0.02,30.0,2,DF-HiSD,3,3242,3242,20045,0.1,0.01,5,5,3,0.0001,0.001,3000,unstable_stable_pair_v1,0.1,5,2,max certified success_count; min median_success_iterations; min total_final_grad_norm; min eta,True,984,0.0009954908164218068,127920,0.0009954908164218068,2,True,True,-2.0,0.02110491693019867
higher_index_rotated,10,100,0.02,30.0,2,DF-HiSD,4,4242,4242,20046,0.1,0.01,5,5,3,0.0001,0.001,3000,unstable_stable_pair_v1,0.1,5,2,max certified success_count; min median_success_iterations; min total_final_grad_norm; min eta,False,2521,0.0009958199225366116,327730,0.0009958199225366116,0,False,True,0.020173676311969757,4.000014305114746
higher_index_rotated,10,100,0.02,30.0,2,DF-HiSD,5,5242,5242,20047,0.1,0.01,5,5,3,0.0001,0.001,3000,unstable_stable_pair_v1,0.1,5,2,max certified success_count; min median_success_iterations; min total_final_grad_norm; min eta,True,961,0.0009998519672080874,124930,0.0009998519672080874,2,True,True,-2.0,0.02122483402490616
higher_index_rotated,10,100,0.02,30.0,2,DF-HiSD,6,6242,6242,20048,0.1,0.01,5,5,3,0.0001,0.001,3000,unstable_stable_pair_v1,0.1,5,2,max certified success_count; min median_success_iterations; min total_final_grad_norm; min eta,True,978,0.000999405630864203,127140,0.000999405630864203,2,True,True,-2.0,0.021494409069418907
higher_index_rotated,10,100,0.02,30.0,2,DF-HiSD,7,7242,7242,20049,0.1,0.01,5,5,3,0.0001,0.001,3000,unstable_stable_pair_v1,0.1,5,2,max certified success_count; min median_success_iterations; min total_final_grad_norm; min eta,False,2119,0.0009651028085500002,275470,0.0009651028085500002,0,False,True,0.020038049668073654,4.000244617462158
higher_index_rotated,10,100,0.02,30.0,2,DF-HiSD,8,8242,8242,20050,0.1,0.01,5,5,3,0.0001,0.001,3000,unstable_stable_pair_v1,0.1,5,2,max certified success_count; min median_success_iterations; min total_final_grad_norm; min eta,True,1043,0.000999938347376883,135590,0.000999938347376883,2,True,True,-2.0,0.021224109455943108
higher_index_rotated,10,100,0.02,30.0,2,DF-HiSD,9,9242,9242,20051,0.1,0.01,5,5,3,0.0001,0.001,3000,unstable_stable_pair_v1,0.1,5,2,max certified success_count; min median_success_iterations; min total_final_grad_norm; min eta,False,1653,0.0009819252882152796,214890,0.0009819252882152796,1,False,True,-2.0,4.000016689300537
higher_index_rotated,10,100,0.02,30.0,2,DF-HiSD,10,10242,10242,20052,0.1,0.01,5,5,3,0.0001,0.001,3000,unstable_stable_pair_v1,0.1,5,2,max certified success_count; min median_success_iterations; min total_final_grad_norm; min eta,False,3000,0.0010816475842148066,390000,0.0010816475842148066,0,False,False,0.020037079229950905,4.000815391540527
higher_index_rotated,10,100,0.02,30.0,2,DF-HiSD,11,11242,11242,20053,0.1,0.01,5,5,3,0.0001,0.001,3000,unstable_stable_pair_v1,0.1,5,2,max certified success_count; min median_success_iterations; min total_final_grad_norm; min eta,False,2135,0.0009960518218576908,277550,0.0009960518218576908,0,False,True,0.020045727491378784,4.00057315826416
higher_index_rotated,10,100,0.02,30.0,2,DF-HiSD,12,12242,12242,20054,0.1,0.01,5,5,3,0.0001,0.001,3000,unstable_stable_pair_v1,0.1,5,2,max certified success_count; min median_success_iterations; min total_final_grad_norm; min eta,False,1735,0.0009939398150891066,225550,0.0009939398150891066,0,False,True,0.02000841498374939,4.000298500061035
higher_index_rotated,10,100,0.02,30.0,2,DF-HiSD,13,13242,13242,20055,0.1,0.01,5,5,3,0.0001,0.001,3000,unstable_stable_pair_v1,0.1,5,2,max certified success_count; min median_success_iterations; min total_final_grad_norm; min eta,True,956,0.0009981747716665268,124280,0.0009981747716665268,2,True,True,-2.0,0.021420279517769814
higher_index_rotated,10,100,0.02,30.0,2,DF-HiSD,14,14242,14242,20056,0.1,0.01,5,5,3,0.0001,0.001,3000,unstable_stable_pair_v1,0.1,5,2,max certified success_count; min median_success_iterations; min total_final_grad_norm; min eta,False,2273,0.000989584601484239,295490,0.000989584601484239,0,False,True,0.020014774054288864,4.0000901222229
higher_index_rotated,10,100,0.02,30.0,2,DF-HiSD,15,15242,15242,20057,0.1,0.01,5,5,3,0.0001,0.001,3000,unstable_stable_pair_v1,0.1,5,2,max certified success_count; min median_success_iterations; min total_final_grad_norm; min eta,False,1960,0.000991791719570756,254800,0.000991791719570756,0,False,True,0.020046262070536613,4.000386714935303
higher_index_rotated,10,100,0.02,30.0,2,DF-HiSD,16,16242,16242,20058,0.1,0.01,5,5,3,0.0001,0.001,3000,unstable_stable_pair_v1,0.1,5,2,max certified success_count; min median_success_iterations; min total_final_grad_norm; min eta,False,1411,0.0009482246823608875,183430,0.0009482246823608875,1,False,True,-2.0,4.000676155090332
higher_index_rotated,10,100,0.02,30.0,2,DF-HiSD,17,17242,17242,20059,0.1,0.01,5,5,3,0.0001,0.001,3000,unstable_stable_pair_v1,0.1,5,2,max certified success_count; min median_success_iterations; min total_final_grad_norm; min eta,True,1027,0.0009898332646116614,133510,0.0009898332646116614,2,True,True,-1.999999761581421,0.02117040939629078
higher_index_rotated,10,100,0.02,30.0,2,DF-HiSD,18,18242,18242,20060,0.1,0.01,5,5,3,0.0001,0.001,3000,unstable_stable_pair_v1,0.1,5,2,max certified success_count; min median_success_iterations; min total_final_grad_norm; min eta,False,2012,0.0009987510275095701,261560,0.0009987510275095701,0,False,True,0.02001020312309265,4.000087738037109
higher_index_rotated,10,100,0.02,30.0,2,DF-HiSD,19,19242,19242,20061,0.1,0.01,5,5,3,0.0001,0.001,3000,unstable_stable_pair_v1,0.1,5,2,max certified success_count; min median_success_iterations; min total_final_grad_norm; min eta,True,946,0.0009812250500544906,122980,0.0009812250500544906,2,True,True,-2.0,0.021572591736912727
higher_index_rotated,10,100,0.02,30.0,3,DF-ADAM-H,0,342,342,30042,0.01,0.01,5,5,3,0.0001,0.001,3000,unstable_stable_pair_v1,0.1,5,2,max certified success_count; min median_success_iterations; min total_final_grad_norm; min eta,False,2230,0.0009802741697058082,423700,0.0009802741697058082,2,False,True,-2.0,4.000424861907959
higher_index_rotated,10,100,0.02,30.0,3,DF-ADAM-H,1,1342,1342,30043,0.01,0.01,5,5,3,0.0001,0.001,3000,unstable_stable_pair_v1,0.1,5,2,max certified success_count; min median_success_iterations; min total_final_grad_norm; min eta,False,3000,0.004802399314939976,570000,0.004802399314939976,0,False,False,0.027359966188669205,4.003541469573975
higher_index_rotated,10,100,0.02,30.0,3,DF-ADAM-H,2,2342,2342,30044,0.01,0.01,5,5,3,0.0001,0.001,3000,unstable_stable_pair_v1,0.1,5,2,max certified success_count; min median_success_iterations; min total_final_grad_norm; min eta,True,1561,0.0009975535795092583,296590,0.0009975535795092583,3,True,True,-2.0,0.022148173302412033
higher_index_rotated,10,100,0.02,30.0,3,DF-ADAM-H,3,3342,3342,30045,0.01,0.01,5,5,3,0.0001,0.001,3000,unstable_stable_pair_v1,0.1,5,2,max certified success_count; min median_success_iterations; min total_final_grad_norm; min eta,False,3000,0.005122241098433733,570000,0.005122241098433733,0,False,False,0.027462605386972427,4.002630233764648
higher_index_rotated,10,100,0.02,30.0,3,DF-ADAM-H,4,4342,4342,30046,0.01,0.01,5,5,3,0.0001,0.001,3000,unstable_stable_pair_v1,0.1,5,2,max certified success_count; min median_success_iterations; min total_final_grad_norm; min eta,False,3000,71.74861145019531,570000,71.74861145019531,3,True,False,-1.9835717678070068,51.77948760986328
higher_index_rotated,10,100,0.02,30.0,3,DF-ADAM-H,5,5342,5342,30047,0.01,0.01,5,5,3,0.0001,0.001,3000,unstable_stable_pair_v1,0.1,5,2,max certified success_count; min median_success_iterations; min total_final_grad_norm; min eta,False,3000,0.006413701456040144,570000,0.006413701456040144,0,False,False,0.021957755088806152,4.003113746643066
higher_index_rotated,10,100,0.02,30.0,3,DF-ADAM-H,6,6342,6342,30048,0.01,0.01,5,5,3,0.0001,0.001,3000,unstable_stable_pair_v1,0.1,5,2,max certified success_count; min median_success_iterations; min total_final_grad_norm; min eta,True,2210,0.0009931187378242612,419900,0.0009931187378242612,3,True,True,-2.0,0.02244316041469574
higher_index_rotated,10,100,0.02,30.0,3,DF-ADAM-H,7,7342,7342,30049,0.01,0.01,5,5,3,0.0001,0.001,3000,unstable_stable_pair_v1,0.1,5,2,max certified success_count; min median_success_iterations; min total_final_grad_norm; min eta,False,3000,0.0028305749874562025,570000,0.0028305749874562025,3,True,False,-2.0,0.04214303940534592
higher_index_rotated,10,100,0.02,30.0,3,DF-ADAM-H,8,8342,8342,30050,0.01,0.01,5,5,3,0.0001,0.001,3000,unstable_stable_pair_v1,0.1,5,2,max certified success_count; min median_success_iterations; min total_final_grad_norm; min eta,False,1763,0.0009872110094875097,334970,0.0009872110094875097,2,False,True,-1.9999998807907104,3.9994521141052246
higher_index_rotated,10,100,0.02,30.0,3,DF-ADAM-H,9,9342,9342,30051,0.01,0.01,5,5,3,0.0001,0.001,3000,unstable_stable_pair_v1,0.1,5,2,max certified success_count; min median_success_iterations; min total_final_grad_norm; min eta,True,1324,0.0009960237657651305,251560,0.0009960237657651305,3,True,True,-2.000000238418579,0.02195262908935547
higher_index_rotated,10,100,0.02,30.0,3,DF-ADAM-H,10,10342,10342,30052,0.01,0.01,5,5,3,0.0001,0.001,3000,unstable_stable_pair_v1,0.1,5,2,max certified success_count; min median_success_iterations; min total_final_grad_norm; min eta,False,1749,0.0009788114111870527,332310,0.0009788114111870527,2,False,True,-2.0,3.9991979598999023
higher_index_rotated,10,100,0.02,30.0,3,DF-ADAM-H,11,11342,11342,30053,0.01,0.01,5,5,3,0.0001,0.001,3000,unstable_stable_pair_v1,0.1,5,2,max certified success_count; min median_success_iterations; min total_final_grad_norm; min eta,True,1354,0.000979978358373046,257260,0.000979978358373046,3,True,True,-2.0,0.022398654371500015
higher_index_rotated,10,100,0.02,30.0,3,DF-ADAM-H,12,12342,12342,30054,0.01,0.01,5,5,3,0.0001,0.001,3000,unstable_stable_pair_v1,0.1,5,2,max certified success_count; min median_success_iterations; min total_final_grad_norm; min eta,False,3000,0.006785676348954439,570000,0.006785676348954439,0,False,False,0.02005109190940857,3.998542308807373
higher_index_rotated,10,100,0.02,30.0,3,DF-ADAM-H,13,13342,13342,30055,0.01,0.01,5,5,3,0.0001,0.001,3000,unstable_stable_pair_v1,0.1,5,2,max certified success_count; min median_success_iterations; min total_final_grad_norm; min eta,True,1924,0.0009947674116119742,365560,0.0009947674116119742,3,True,True,-2.0,0.023856893181800842
higher_index_rotated,10,100,0.02,30.0,3,DF-ADAM-H,14,14342,14342,30056,0.01,0.01,5,5,3,0.0001,0.001,3000,unstable_stable_pair_v1,0.1,5,2,max certified success_count; min median_success_iterations; min total_final_grad_norm; min eta,False,2342,0.0009965638164430857,444980,0.0009965638164430857,2,False,True,-2.0,4.00057315826416
higher_index_rotated,10,100,0.02,30.0,3,DF-ADAM-H,15,15342,15342,30057,0.01,0.01,5,5,3,0.0001,0.001,3000,unstable_stable_pair_v1,0.1,5,2,max certified success_count; min median_success_iterations; min total_final_grad_norm; min eta,True,1651,0.0009884636383503675,313690,0.0009884636383503675,3,True,True,-2.0,0.022945396602153778
higher_index_rotated,10,100,0.02,30.0,3,DF-ADAM-H,16,16342,16342,30058,0.01,0.01,5,5,3,0.0001,0.001,3000,unstable_stable_pair_v1,0.1,5,2,max certified success_count; min median_success_iterations; min total_final_grad_norm; min eta,False,3000,0.017921989783644676,570000,0.017921989783644676,0,False,False,0.022565962746739388,4.005786895751953
higher_index_rotated,10,100,0.02,30.0,3,DF-ADAM-H,17,17342,17342,30059,0.01,0.01,5,5,3,0.0001,0.001,3000,unstable_stable_pair_v1,0.1,5,2,max certified success_count; min median_success_iterations; min total_final_grad_norm; min eta,False,3000,0.006636677775532007,570000,0.006636677775532007,0,False,False,0.02017574943602085,4.004142761230469
higher_index_rotated,10,100,0.02,30.0,3,DF-ADAM-H,18,18342,18342,30060,0.01,0.01,5,5,3,0.0001,0.001,3000,unstable_stable_pair_v1,0.1,5,2,max certified success_count; min median_success_iterations; min total_final_grad_norm; min eta,True,1677,0.0009991165716201067,318630,0.0009991165716201067,3,True,True,-2.0,0.021391481161117554
higher_index_rotated,10,100,0.02,30.0,3,DF-ADAM-H,19,19342,19342,30061,0.01,0.01,5,5,3,0.0001,0.001,3000,unstable_stable_pair_v1,0.1,5,2,max certified success_count; min median_success_iterations; min total_final_grad_norm; min eta,False,2662,0.0009668401908129454,505780,0.0009668401908129454,2,False,True,-1.9999998807907104,3.9994680881500244
higher_index_rotated,10,100,0.02,30.0,3,DF-ADAM-FC,0,342,342,30042,0.01,0.01,5,5,3,0.0001,0.001,3000,unstable_stable_pair_v1,0.1,5,2,max certified success_count; min median_success_iterations; min total_final_grad_norm; min eta,False,2848,0.0009917182615026832,541120,0.0009917182615026832,2,False,True,-1.9999998807907104,4.00101375579834
higher_index_rotated,10,100,0.02,30.0,3,DF-ADAM-FC,1,1342,1342,30043,0.01,0.01,5,5,3,0.0001,0.001,3000,unstable_stable_pair_v1,0.1,5,2,max certified success_count; min median_success_iterations; min total_final_grad_norm; min eta,False,3000,0.007146784570068121,570000,0.007146784570068121,0,False,False,0.020063985139131546,4.011950492858887
higher_index_rotated,10,100,0.02,30.0,3,DF-ADAM-FC,2,2342,2342,30044,0.01,0.01,5,5,3,0.0001,0.001,3000,unstable_stable_pair_v1,0.1,5,2,max certified success_count; min median_success_iterations; min total_final_grad_norm; min eta,True,1687,0.0009946987265720963,320530,0.0009946987265720963,3,True,True,-2.0,0.02141517773270607
higher_index_rotated,10,100,0.02,30.0,3,DF-ADAM-FC,3,3342,3342,30045,0.01,0.01,5,5,3,0.0001,0.001,3000,unstable_stable_pair_v1,0.1,5,2,max certified success_count; min median_success_iterations; min total_final_grad_norm; min eta,False,3000,1.2768628597259521,570000,1.2768628597259521,1,False,False,-0.5910289287567139,3.352604866027832
higher_index_rotated,10,100,0.02,30.0,3,DF-ADAM-FC,4,4342,4342,30046,0.01,0.01,5,5,3,0.0001,0.001,3000,unstable_stable_pair_v1,0.1,5,2,max certified success_count; min median_success_iterations; min total_final_grad_norm; min eta,True,1699,0.0009863687446340919,322810,0.0009863687446340919,3,True,True,-2.000000238418579,0.021834135055541992
higher_index_rotated,10,100,0.02,30.0,3,DF-ADAM-FC,5,5342,5342,30047,0.01,0.01,5,5,3,0.0001,0.001,3000,unstable_stable_pair_v1,0.1,5,2,max certified success_count; min median_success_iterations; min total_final_grad_norm; min eta,False,3000,0.004090568050742149,570000,0.004090568050742149,0,False,False,0.02278001420199871,4.002827167510986
higher_index_rotated,10,100,0.02,30.0,3,DF-ADAM-FC,6,6342,6342,30048,0.01,0.01,5,5,3,0.0001,0.001,3000,unstable_stable_pair_v1,0.1,5,2,max certified success_count; min median_success_iterations; min total_final_grad_norm; min eta,True,2093,0.0009920952143147588,397670,0.0009920952143147588,3,True,True,-2.000000238418579,0.021811140701174736
higher_index_rotated,10,100,0.02,30.0,3,DF-ADAM-FC,7,7342,7342,30049,0.01,0.01,5,5,3,0.0001,0.001,3000,unstable_stable_pair_v1,0.1,5,2,max certified success_count; min median_success_iterations; min total_final_grad_norm; min eta,False,3000,0.0026053471956402063,570000,0.0026053471956402063,3,True,False,-2.0,0.03960248827934265
higher_index_rotated,10,100,0.02,30.0,3,DF-ADAM-FC,8,8342,8342,30050,0.01,0.01,5,5,3,0.0001,0.001,3000,unstable_stable_pair_v1,0.1,5,2,max certified success_count; min median_success_iterations; min total_final_grad_norm; min eta,False,3000,0.3750014901161194,570000,0.3750014901161194,2,False,False,-1.986554741859436,4.262266635894775
higher_index_rotated,10,100,0.02,30.0,3,DF-ADAM-FC,9,9342,9342,30051,0.01,0.01,5,5,3,0.0001,0.001,3000,unstable_stable_pair_v1,0.1,5,2,max certified success_count; min median_success_iterations; min total_final_grad_norm; min eta,True,1441,0.00099402095656842,273790,0.00099402095656842,3,True,True,-2.0,0.022856978699564934
higher_index_rotated,10,100,0.02,30.0,3,DF-ADAM-FC,10,10342,10342,30052,0.01,0.01,5,5,3,0.0001,0.001,3000,unstable_stable_pair_v1,0.1,5,2,max certified success_count; min median_success_iterations; min total_final_grad_norm; min eta,False,3000,0.011231738142669201,570000,0.011231738142669201,0,False,False,0.03706149756908417,4.003247261047363
higher_index_rotated,10,100,0.02,30.0,3,DF-ADAM-FC,11,11342,11342,30053,0.01,0.01,5,5,3,0.0001,0.001,3000,unstable_stable_pair_v1,0.1,5,2,max certified success_count; min median_success_iterations; min total_final_grad_norm; min eta,True,1529,0.000990401953458786,290510,0.000990401953458786,3,True,True,-2.0,0.02461775578558445
higher_index_rotated,10,100,0.02,30.0,3,DF-ADAM-FC,12,12342,12342,30054,0.01,0.01,5,5,3,0.0001,0.001,3000,unstable_stable_pair_v1,0.1,5,2,max certified success_count; min median_success_iterations; min total_final_grad_norm; min eta,False,2501,0.000988753978163004,475190,0.000988753978163004,2,False,True,-2.0,4.000070095062256
higher_index_rotated,10,100,0.02,30.0,3,DF-ADAM-FC,13,13342,13342,30055,0.01,0.01,5,5,3,0.0001,0.001,3000,unstable_stable_pair_v1,0.1,5,2,max certified success_count; min median_success_iterations; min total_final_grad_norm; min eta,True,1946,0.0009959419257938862,369740,0.0009959419257938862,3,True,True,-1.9999998807907104,0.022421851754188538
higher_index_rotated,10,100,0.02,30.0,3,DF-ADAM-FC,14,14342,14342,30056,0.01,0.01,5,5,3,0.0001,0.001,3000,unstable_stable_pair_v1,0.1,5,2,max certified success_count; min median_success_iterations; min total_final_grad_norm; min eta,False,3000,0.00451080733910203,570000,0.00451080733910203,0,False,False,0.0200150478631258,4.002304553985596
higher_index_rotated,10,100,0.02,30.0,3,DF-ADAM-FC,15,15342,15342,30057,0.01,0.01,5,5,3,0.0001,0.001,3000,unstable_stable_pair_v1,0.1,5,2,max certified success_count; min median_success_iterations; min total_final_grad_norm; min eta,True,1290,0.0009996985318139195,245100,0.0009996985318139195,3,True,True,-2.0,0.022816436365246773
higher_index_rotated,10,100,0.02,30.0,3,DF-ADAM-FC,16,16342,16342,30058,0.01,0.01,5,5,3,0.0001,0.001,3000,unstable_stable_pair_v1,0.1,5,2,max certified success_count; min median_success_iterations; min total_final_grad_norm; min eta,True,1970,0.0009986229706555605,374300,0.0009986229706555605,3,True,True,-2.0,0.02302916906774044
higher_index_rotated,10,100,0.02,30.0,3,DF-ADAM-FC,17,17342,17342,30059,0.01,0.01,5,5,3,0.0001,0.001,3000,unstable_stable_pair_v1,0.1,5,2,max certified success_count; min median_success_iterations; min total_final_grad_norm; min eta,False,3000,0.0034894258715212345,570000,0.0034894258715212345,0,False,False,0.02006427012383938,3.9975357055664062
higher_index_rotated,10,100,0.02,30.0,3,DF-ADAM-FC,18,18342,18342,30060,0.01,0.01,5,5,3,0.0001,0.001,3000,unstable_stable_pair_v1,0.1,5,2,max certified success_count; min median_success_iterations; min total_final_grad_norm; min eta,False,2257,0.0009879667777568102,428830,0.0009879667777568102,2,False,True,-2.000000476837158,3.9991345405578613
higher_index_rotated,10,100,0.02,30.0,3,DF-ADAM-FC,19,19342,19342,30061,0.01,0.01,5,5,3,0.0001,0.001,3000,unstable_stable_pair_v1,0.1,5,2,max certified success_count; min median_success_iterations; min total_final_grad_norm; min eta,False,2441,0.0009737365180626512,463790,0.0009737365180626512,2,False,True,-2.0,3.999711036682129
higher_index_rotated,10,100,0.02,30.0,3,DF-HiSD,0,342,342,30042,0.1,0.01,5,5,3,0.0001,0.001,3000,unstable_stable_pair_v1,0.1,5,2,max certified success_count; min median_success_iterations; min total_final_grad_norm; min eta,False,3000,0.0028678507078438997,570000,0.0028678507078438997,0,False,False,0.020000439137220383,4.0012712478637695
higher_index_rotated,10,100,0.02,30.0,3,DF-HiSD,1,1342,1342,30043,0.1,0.01,5,5,3,0.0001,0.001,3000,unstable_stable_pair_v1,0.1,5,2,max certified success_count; min median_success_iterations; min total_final_grad_norm; min eta,False,3000,549075464224768.0,570000,549075464224768.0,0,False,False,25923272.0,14983577600.0
higher_index_rotated,10,100,0.02,30.0,3,DF-HiSD,2,2342,2342,30044,0.1,0.01,5,5,3,0.0001,0.001,3000,unstable_stable_pair_v1,0.1,5,2,max certified success_count; min median_success_iterations; min total_final_grad_norm; min eta,False,3000,0.0018595268484205008,570000,0.0018595268484205008,0,False,False,0.020007265731692314,4.002012729644775
higher_index_rotated,10,100,0.02,30.0,3,DF-HiSD,3,3342,3342,30045,0.1,0.01,5,5,3,0.0001,0.001,3000,unstable_stable_pair_v1,0.1,5,2,max certified success_count; min median_success_iterations; min total_final_grad_norm; min eta,True,1046,0.0009852125076577067,198740,0.0009852125076577067,3,True,True,-2.0,0.02105056680738926
higher_index_rotated,10,100,0.02,30.0,3,DF-HiSD,4,4342,4342,30046,0.1,0.01,5,5,3,0.0001,0.001,3000,unstable_stable_pair_v1,0.1,5,2,max certified success_count; min median_success_iterations; min total_final_grad_norm; min eta,False,3000,0.0022875594440847635,570000,0.0022875594440847635,0,False,False,0.02000143937766552,4.001177787780762
higher_index_rotated,10,100,0.02,30.0,3,DF-HiSD,5,5342,5342,30047,0.1,0.01,5,5,3,0.0001,0.001,3000,unstable_stable_pair_v1,0.1,5,2,max certified success_count; min median_success_iterations; min total_final_grad_norm; min eta,False,3000,0.0033889911137521267,570000,0.0033889911137521267,0,False,False,0.02032286673784256,3.998579502105713
higher_index_rotated,10,100,0.02,30.0,3,DF-HiSD,6,6342,6342,30048,0.1,0.01,5,5,3,0.0001,0.001,3000,unstable_stable_pair_v1,0.1,5,2,max certified success_count; min median_success_iterations; min total_final_grad_norm; min eta,True,1030,0.0009940082672983408,195700,0.0009940082672983408,3,True,True,-2.0,0.021222885698080063
higher_index_rotated,10,100,0.02,30.0,3,DF-HiSD,7,7342,7342,30049,0.1,0.01,5,5,3,0.0001,0.001,3000,unstable_stable_pair_v1,0.1,5,2,max certified success_count; min median_success_iterations; min total_final_grad_norm; min eta,False,3000,16542874992640.0,570000,16542874992640.0,0,False,False,65711508.0,1654056704.0
higher_index_rotated,10,100,0.02,30.0,3,DF-HiSD,8,8342,8342,30050,0.1,0.01,5,5,3,0.0001,0.001,3000,unstable_stable_pair_v1,0.1,5,2,max certified success_count; min median_success_iterations; min total_final_grad_norm; min eta,False,3000,1.675313154139095e+17,570000,1.675313154139095e+17,0,False,False,5536030720.0,897455357952.0
higher_index_rotated,10,100,0.02,30.0,3,DF-HiSD,9,9342,9342,30051,0.1,0.01,5,5,3,0.0001,0.001,3000,unstable_stable_pair_v1,0.1,5,2,max certified success_count; min median_success_iterations; min total_final_grad_norm; min eta,False,3000,0.0024112097453325987,570000,0.0024112097453325987,0,False,False,0.02008582279086113,3.999422788619995
higher_index_rotated,10,100,0.02,30.0,3,DF-HiSD,10,10342,10342,30052,0.1,0.01,5,5,3,0.0001,0.001,3000,unstable_stable_pair_v1,0.1,5,2,max certified success_count; min median_success_iterations; min total_final_grad_norm; min eta,False,3000,0.0056152003817260265,570000,0.0056152003817260265,0,False,False,0.0223999060690403,4.0057878494262695
higher_index_rotated,10,100,0.02,30.0,3,DF-HiSD,11,11342,11342,30053,0.1,0.01,5,5,3,0.0001,0.001,3000,unstable_stable_pair_v1,0.1,5,2,max certified success_count; min median_success_iterations; min total_final_grad_norm; min eta,False,3000,0.002879359759390354,570000,0.002879359759390354,0,False,False,0.02107171341776848,4.0035600662231445
higher_index_rotated,10,100,0.02,30.0,3,DF-HiSD,12,12342,12342,30054,0.1,0.01,5,5,3,0.0001,0.001,3000,unstable_stable_pair_v1,0.1,5,2,max certified success_count; min median_success_iterations; min total_final_grad_norm; min eta,False,3000,0.0015598732279613614,570000,0.0015598732279613614,0,False,False,0.020306508988142014,4.001307010650635
higher_index_rotated,10,100,0.02,30.0,3,DF-HiSD,13,13342,13342,30055,0.1,0.01,5,5,3,0.0001,0.001,3000,unstable_stable_pair_v1,0.1,5,2,max certified success_count; min median_success_iterations; min total_final_grad_norm; min eta,False,3000,86210772992000.0,570000,86210772992000.0,0,False,False,1760433.25,5565735936.0
higher_index_rotated,10,100,0.02,30.0,3,DF-HiSD,14,14342,14342,30056,0.1,0.01,5,5,3,0.0001,0.001,3000,unstable_stable_pair_v1,0.1,5,2,max certified success_count; min median_success_iterations; min total_final_grad_norm; min eta,False,1453,0.000982495490461588,276070,0.000982495490461588,2,False,True,-2.0,3.9998373985290527
higher_index_rotated,10,100,0.02,30.0,3,DF-HiSD,15,15342,15342,30057,0.1,0.01,5,5,3,0.0001,0.001,3000,unstable_stable_pair_v1,0.1,5,2,max certified success_count; min median_success_iterations; min total_final_grad_norm; min eta,False,3000,inf,5890,inf,-1,False,False,,
higher_index_rotated,10,100,0.02,30.0,3,DF-HiSD,16,16342,16342,30058,0.1,0.01,5,5,3,0.0001,0.001,3000,unstable_stable_pair_v1,0.1,5,2,max certified success_count; min median_success_iterations; min total_final_grad_norm; min eta,False,3000,0.0018364647403359413,570000,0.0018364647403359413,0,False,False,0.020134475082159042,4.0019707679748535
higher_index_rotated,10,100,0.02,30.0,3,DF-HiSD,17,17342,17342,30059,0.1,0.01,5,5,3,0.0001,0.001,3000,unstable_stable_pair_v1,0.1,5,2,max certified success_count; min median_success_iterations; min total_final_grad_norm; min eta,False,3000,inf,78470,inf,-1,False,False,,
higher_index_rotated,10,100,0.02,30.0,3,DF-HiSD,18,18342,18342,30060,0.1,0.01,5,5,3,0.0001,0.001,3000,unstable_stable_pair_v1,0.1,5,2,max certified success_count; min median_success_iterations; min total_final_grad_norm; min eta,False,1357,0.0009661351796239614,257830,0.0009661351796239614,2,False,True,-2.0,3.9996461868286133
higher_index_rotated,10,100,0.02,30.0,3,DF-HiSD,19,19342,19342,30061,0.1,0.01,5,5,3,0.0001,0.001,3000,unstable_stable_pair_v1,0.1,5,2,max certified success_count; min median_success_iterations; min total_final_grad_norm; min eta,False,3000,0.002932013478130102,570000,0.002932013478130102,0,False,False,0.020001906901597977,4.0031280517578125
